<?xml version="1.0" encoding="UTF-8"?>
<configuration>
    <include resource="org/springframework/boot/logging/logback/base.xml"/>

    <appender name="FILE" class="ch.qos.logback.core.rolling.RollingFileAppender">
        <file>/var/logs/trading-bot/app.log</file>
        <encoder>
            <pattern>%d{yyyy-MM-dd HH:mm:ss} [%thread] %-5level %logger{36} - %msg%n</pattern>
        </encoder>
        <rollingPolicy class="ch.qos.logback.core.rolling.TimeBasedRollingPolicy">
            <fileNamePattern>/var/logs/trading-bot/app.%d{yyyy-MM-dd}.log</fileNamePattern>
            <maxHistory>7</maxHistory>
        </rollingPolicy>
    </appender>

    <springProfile name="prod">
        <root level="INFO">
            <appender-ref ref="FILE"/>
        </root>
    </springProfile>
</configuration>